id,label
9QvS-Qsqt_FhAo3yBefRYA,1
oFm0NxqplL8C3nRmnc2vNQ,4
83kejpl9HosbF_TaQHMcRw,1
zRzGr88PnQN533FC9JJ-nQ,1
yYK2tpttcO3HqUkUYNLwWw,5
uQV0OdJ0G1oq5EkDtK9R9w,5
EnuC5OCXjaVdTKnSiZU3XQ,4
cfLy-ywv2gqSM9T1EEsySQ,2
YobaR1I0SWTMu67d7lg9-A,5
dWmHbgMszTYGtAObLwZ3zA,1
Q7Kjd7_hRcOug1qiWivipQ,5
bfo3sXTNougb4Qg8Hz8fDw,1
-Yx75inDrpFiGTMn9GgAZw,1
Vpat8cYrNxCD0kAsT7jDJw,3
fzvjJY03cprU995qFv7rrg,5
k3JbSxbM09zGn6Mwbq3jQA,4
86W13raVLVLkbsan5NH8RA,1
MExCz4hC05xvfQxwOGsDJA,4
kiLQSNQwgXk6XdT7zbrKrw,4
ZgEG0Wg5wWLTfXA_znrJRQ,4
AFDuJelEm-iBU5cT8BYdtQ,2
6MVon9QvRrmZWwJWZToTEA,5
4zMzh22wRR9uA-x4YI18vg,1
aY2UKaQXPDVqMobnx32dqw,3
_l537txouLV8wv9Ct_NGKA,5
NG467gmKd4VWBnvGUtn72Q,5
-NGnCKTItNHlpY76RhwDCw,5
rNLfg0-J0Ig0FeqhRiNjGA,2
6K0aB8jJ5R-Ran7ewsqoCw,4
jFw0Vu1fzTVP4w4n7YbE-g,5
s68k2svOFnuxqrxonU24OA,3
G0pnc3DSVNUceHne9c37Zg,1
I7S7YisNZRdGdxOFsl7AVw,4
NVqsVlaP5vp_amn5_RpWQQ,1
pxinNrhxcIgjNYWU_augkg,5
zcEOy277RlYTIXJfly1O1A,3
Pl8pGqQ9IfRSEmAACQogUg,4
_w8G9bL7RKRYkd7mZlfYeA,1
9RZAe524LYUHJuI712i7Vw,5
3EtFMkGhhYt41jifrnd1IA,3
VuIbnHDLi8RJVuz41GnqzA,2
DijaI5UIOLjyz0Bn0JSbiw,5
ZT2-CWsY5BcM0pikG2jBzg,5
fM3Ouc2WXguYgglpqUXabQ,3
Lx7nUREjy2XGmQTzzh-P2Q,5
QdYeRoQd7xxOXGMMy3XjwA,3
M4Jrl9n7UJbsSTNPzsyCtw,5
zPWy-3wKRJ0erDR4Cl9EUA,5
WHhpY5Y8C1OUx4nt_CJg4A,1
U_aOVjBiX129VC0f2jrL-A,5
uiUszwhjvcLvqsrv4I-n_Q,2
gLIp1vD5xQhl91JysGjP6g,5
U5keME3znNlu6wfvf0zaAA,5
2UMCG7oWyDuBvKK9LGIcfg,4
hDAnagevXa0hSIQej9qcMw,5
6WZ5364Wk6bna1Kl-Lb_lg,5
sAmucR_1diw_E5QYRyOc7Q,2
5OS5SYzU7-nHQQ_D8lH4-Q,1
liUcG_NN5Sj5o8h8dHxrUw,2
6fyRyseNfvDVN4GRkikkOw,5
8X_Ge7hvwKCyVHBMoScGZQ,5
ZgWP22mguhoeywD64BI90A,4
jayhjvibDD7CVOq1vWQ9hg,3
vdscKcfZXFfi5AR_ymjtiA,2
j4sNQEtiDy7Wb583BhgUvw,5
gAzfE_ctsZ379BYsS86xjg,4
3G5zY5dSqfaWGxlC-Vykiw,3
LQhetqSJFfhWkEItI5-aig,5
RD315HxhCtKAQPlIgs5Akg,5
2Ky0vzW6lzf3WBVbqd-LKw,4
8XZ3E9V81RRSqye_kfvwxA,4
UotuPZS7zDVUZmk1iBzEJA,1
tOvtIcONVfD_-wcBJsP5wQ,1
dq8wSkSztvbdDmPTCfujHw,5
3RxrGG2xv5kD_tE96pexaw,5
38Fdw0lgdNkvPTlr3FKGhg,3
wpJoDJT54aarqmvshJyzlQ,5
C00If3xvup-OIweAD4A6NA,4
ZEGJBg8ACADndvZWNxa-lg,5
R9PF2aVOGLhAVLWilx-GZw,5
h-VG_7ifpEuenAIJJ6EVbg,5
SspnEtqX3hviYj-9Lk-83A,4
yHoKfZVBtDZQ3gvxirsxPg,5
LXUMCY3ibN1J5I7CK_Um7Q,4
DGgWb9GK0lb0diErzvAcHQ,4
bikXNbTajpnyZasu4YMdfg,2
p_IPmILe1VVjmZPN8_7e_A,5
QOTbRIvmIB5oJSBR0SJBRQ,5
NKb0H6NA5E6kcfj9ZM2rJw,5
LIItg3qO6SGz68kBjNlT9A,5
wIWbo7VEhYTi4MkQwGnMQw,3
hH4AjtviVOvx2Lb_PHiziQ,5
1o_H8gWS3st6qGsw8Axbbg,5
RLjDxmDaBh9IOzuvO0vB8Q,5
V-ahDP4wpJQ-Rrv27Gq4Vw,3
i47HLVCusbcpMkT5dB_E1Q,4
UvKyHJ0IGS81ahr_LbNUTQ,1
WLK_-8ooj1p1QNOR4JkCgg,4
XomehLjEjL81JzApjWaq0Q,3
OwH5u_3NLfZ6bs9pllCyYg,5
a6xrX03XC3snWlhnPmkRsA,5
azK7lE2DbUHnzVxqgfRvcg,1
MqBWf_X6xoJdkOBgVT27lg,1
_I_Z7r0CV7O7Btmr3KelaQ,4
eLQ9w0IMerfYw2iunxomwg,5
e1eWhqX3sGSTy-GOXMkNEw,5
AknrZnFJ7TzSs12LKKngZg,2
NjCkonbi2WiT7Xe5ek3UWA,4
uIRzg9018jKqAgT_JI5PUw,4
0QOVO3BX10ZP9CzomrIQnA,4
zbkwpApac66lNxsjyPZFew,4
ex-C6rV1ykltIecJljoVTg,5
ptpI9MT4a9oS5xVthoNABw,5
KgCzXe_bDWLooA2GAK7BTw,5
do2PA0XWtMQDw5tpR61pBA,5
hqDwSqgSKqHPFE5jJTn4ow,1
LEwARvsDdPO8D1pUQSmDNQ,5
SF05TCGvEGAFbml1dpwXNg,5
CyYsEYqq7KN7u3zJUN00fg,5
6gMX22ZoTsmjizhSWiGGOA,2
M4d7wwdykHHFSERlB4PgbQ,3
FXTtt65wtAZaVk3kNI-d3A,5
vRi4IqTx93GbgqZQXOJ5ng,5
ZElNUxMMac8y5kN5nngx4Q,5
yiOF1KizG3HTk888XMxpZQ,5
JYQrf7BoQoivPfmNSHi-Aw,5
0JzbJ6BKZQaRPBVFMlNrnQ,4
JN-ixWo2Zm9_7_Q1t6o3dw,5
XZdtQ878jKM-rTRIMgjEew,5
vnh89lW0mxFRU2VRxSMDpA,1
BhYZF1vhA_bJtRu-SpHfrw,1
PyUGgtGCujpraREYs6pnjw,5
Boon0ptok8H0--Zwg6Wa3g,5
nbmVvqciAh5tShRLscVTGQ,5
_hShuYddKOMEd1D-n_O1-A,3
RedPniSvmKA8yY1DiwLczw,5
uZlSjXnjgmwHNnd_EY7_pg,4
vIFcCqDVqeAXmdKT-bADsA,4
08zjuCbBi8OkVKxyDGg--A,3
5NN4djiaRxhupLs5CBStug,3
7j8IRBXJjS_gK9iP5mGvIA,5
0VN6DC1jwmt0QDiBY2Ja9Q,1
ZcTkqg7bbt5wyhO2TvgRww,2
Xc6buMSQplQ0YCi04EXkbQ,3
TzyvsjjbB4gVXn1859gXfQ,1
6c-VLslm0_8vj_DPd1BlgA,4
TzOP3sCa1fRIOkZy2bFayg,2
xx7JKJaHRVIp5eNPYoeNgg,5
485yrJaxoSvIqvjBRNim4g,5
sUX4gLebbBzuzNJseQWeBQ,5
hCaGNv5aIiSgD1jG-8oqpg,5
tOp-tytfqsT19s96uTi3og,1
E1wavGlv5cr3pAcur6dC5g,3
mwu3wG0NJWqcMRlM8ojERw,4
uVSs-xZX8jvizxawVMlZyw,5
Rn4lgkm-oz65v_i-bS6XLA,5
zMcHh5Q98ozuAZsCE8pXPQ,5
2UiOYh6iu6g17lAr0-kENg,2
lX5ltxLcSV9sqUgaR2azTA,3
rzmYZSD1x6-DjnCHFbvBhA,5
_m8G6fgaIJKlhQnPHtpDNQ,5
hnIahb35ltoknAN5gl9D9Q,1
0h8awRHmFtC3_VJYnIE4fQ,4
3FnF_N96v74R37FrUeXZkQ,5
wzEsLkZ5D2XDbLlfuNy0Vw,5
CeeMpNjxjKmdxXGqS7CzZg,2
cuvLtNHx_tuqjiKUvTxGvA,4
1TgXFo6gvivKzJLFUcszoQ,3
Y9U8hXdilhLGqm3XaYSIXw,5
j1gDehTUvkK6xkWlsq3m-w,5
EfrW7M91Rm65Mqu_CLVBoQ,5
iQe1TE06Rga2QJGxcIoVLA,5
rDhz-NZn6eiK4W3EAbLZNg,2
IEYUPWwz4cg2auarD7K20Q,2
rjgqkrt4sJqFbLHUCh_E4Q,3
goXtzMZPnPZz7p2fTI8Xig,5
uY8VzIUTXo9_Go7Ev0pSJw,5
iofGC7OlxsxJHVbrIOKVxg,5
MnY2bXW0dbhizVFfB5-aAQ,2
LubFXjwbcNuVU8lVPG5V9g,5
ZkwsZlfLV7_4ugSnwbbMnQ,3
KStRv_v9DtYF5GBxd_fyqg,5
giHJQW7gsHGJuM5VdSR00Q,4
XtPDaYWzGO_U2XLeBGtSag,5
Nb38WDrHISaPVAiNG1UzGQ,5
16geZ0nv9oov-ekQznWiDg,5
7M8eW45fdvRovC5z2fwE8w,4
X537jz14PkvcsmgeTncRow,5
65-z6iiLmme4DQTyXtJVsQ,2
LK4yBSbzzJGpYgUJPOjzSw,5
dx5L3v9V_GWNkzPxggqZKQ,5
E1MxrnKibw8CUsmQD6u7Bg,1
7ui1NeMAnwzLv_ZEPQOOHQ,1
avEbFQ6kkYGC1SHFRAPXhg,3
xSPXbiVVfVJtqRFwA8MrhA,4
Zg5xJXcMWgqnhLndxAkE6Q,5
leMGFHfCDzpqach6i6DfQg,5
YEvUaJAU7lzeKy-b9DQCfQ,1
Bq0gmtAFPVTOX6lVbWJ6Ew,4
1ZoH5y4b-f1v5jIqLqPlIw,2
s1x-sVqBIukymnQIBAseuw,1
NyolYhpU1aR_wYTVFJPxyg,5
B62MtrmiwBZf03HFugKwSA,1
La9RtaeCSFqSXggKtgUzGg,5
5xY6yAtsO0SAQwxl-5grFg,5
IFKp--egnMd44KFuZJ3B6A,5
YuNWOLlG0SN0U4yz0xHhdg,5
OL1j6MHUJLxd0tjmdy5sWg,1
DbLbSL1hwnq9jYEEoJZj8Q,4
fl2dDM3X1tRox1hNfU8f8A,5
cc8AaYvKWZV_U_URVWVdMw,1
xgkAS9hsWfbNQE_LGp2-WQ,5
X5SOeE47Z0u7mELAUpzysg,4
q0i4ARZP3LeGgcujc4AObw,1
h2uB1HyeKC8JRvmgDtfHgw,1
9WtkpDN5W05PukpLEiCgTA,4
qRyvVqGFBqg2qWXqOcRJtw,1
wIOK6EmYFVZHhTTclXb02Q,2
aaomp6glcw8Z9hvk0j4JFQ,4
W1tSVIVM_C4WR_vgGVfmqQ,1
9OGpdEJu_uTLYs3yQ6WDZQ,5
NkcIUHyUOSU7dqnIQLSIFw,1
yVhZsjvfA2U4NSXAESp2Sg,5
KLKGVR-hLLCS2OhAxBLKeg,5
M91aE9oiKmI4IrxxvE5MTg,5
qaXUDwI3dqo2HxoZWOX_yQ,2
4xSTwD-nJ-7CbDQ2W8444g,5
uDql-JFo6epcyQmb_Eu93Q,2
wDXozHijPEQeoWIvdZMVLQ,4
9xwJ7pKSJljnZq-wNkLIGQ,3
Gv_xbN1-erVTgKKxIi_Dqg,5
gBP9905yL6NspXstz-LLwA,5
ejF7Bp-ZX_FIr-o2rG9yyQ,5
4dyQIC7gOj5dmuBrwX19Mw,1
rG6F8vQixj4Q5tPMhHNX2Q,2
qk77cTu876jFci2tAX3D_Q,5
l6z7Xao5kcioo9ooQCZSNQ,1
S2Ox1PzVFE31mbo7aj7J2A,2
eAo3np3Mnfb7rf1dLYa1kQ,1
zIZKI9liszL2Tc0jSsLRlg,5
idGEgvb0bhkmjqE2eOJZPg,1
i3rA1nuwRoDVGqCeSkg3KA,3
E9JW9cI22IyETUKWtQG2tg,1
Xt8uyAgU1XnV57elNORmhQ,3
n9L_rG28YEWppyRJA6GMCg,3
8N5ngdUlshkA2ZE1mtBfDg,4
de7y_xl48iD3hs3Qj0daKQ,4
uOgJdpbfy17oPGS_vSUCKw,1
O4MZO0Sm389-SOtFce4V8w,5
IYkZdHZzu9lpk8joC4XJ7w,5
gjz5gcuaWJ0IMpuNrZWf8Q,5
D-8x3PZvvDbCB5l8h0_gqQ,4
KZb-g9tnH2K-doeIqeFdfA,2
iSRFkuIPFLF8ACQRfRC9pw,3
zAGTW0ELMwrF1HcG23EptQ,4
d0JxXXrGRdnPxvy3N0EPqw,5
Ea91LG3-fMNiI9Vr_Cfr7Q,4
cdZixRfAQry2c5BzwIVxjA,4
wE4k7lU01UnwmZ9pH_XgvQ,5
ETwvS809rDjDQYreTJ-JLA,1
GoiGmCSFE4G_xbQihJ6DEQ,1
67-6ecKDUsaZqnB3jce5sQ,5
tunIyzBqaILXHiGlA1knoA,4
Oyn8ci2pSgCm9MrKCTNENQ,4
zQxAd-Ojr6rkLGDqt8jkxA,1
OeJrTE_IMuKYNgh87kmAYg,5
0j4m48pEvCKaOUcjx725zQ,4
LodM8PrYR6aOUZujN3oRVQ,4
yPXvbwEnmNyLXFdIpuQuWg,5
8Fk13Rf7RBrvdGCZIxNPWQ,3
w5LWUSXSiGyis_4xvPTYgQ,5
hUs8zSb6UYDk119JqzbKOg,5
gdSvlFHIVgGMInq2zTQTOA,3
xtBhPq7JCMhkEjTwq4g66Q,5
Jyf-bCLsIl6JYBBsXE-tJg,3
_3L_8-nQGGU2mTEgTY16OA,4
yvRi5KedO9_jh7JPYylzsw,2
7uvUpTlsqE9xkedsjJ248g,1
vLcZGoAnjZ-xLHwjgzZoCQ,2
rS1jZ5lfU9Nt-n-9draAgQ,4
HzOn6KoHbxsilEHgYaA1Ng,5
5QENdW3tuCcdnIx3HwD4hA,4
WxP7LRPiXCBHy3zLqA-0fw,2
XW7yxv9wHU0jMBOB9_rX7g,1
RQQ299KU0eotjvhrErCGEQ,4
kzIzpm9TKzG1W_MH0M0ugw,5
lslHCjtl2NoriCziXeo11g,2
GHvxH4htWI7H3wUQC9U5jQ,4
5ejUCU-9YbGwmSSPCeeVeA,4
aiA2_mZOyKqzo5BwtR7hXg,5
KNnG7114Gnkig5iuUtfTPw,4
q6Ie9e5T6AGHm2cMRy7YAQ,5
drPzHY8smIyiWRDQUK2p8g,5
FMgt8q2z9ANikiq1yhKp9Q,4
4ugdiMkMBQ3TfNu6pqsqqQ,1
-ARxLMaB1GKUS2ANIemeFw,4
bn7BGYWDCiiTkw4gqhrdCA,1
IUU7FexTLboZuO60Ss9nEQ,4
eec8UPL7f4bMsusuJbKzmw,5
OGKMXUGb5Cs60hq9N3l34g,4
3fI-CYwi-DhFOluBLLIrQw,5
2KpSmW8CZKfYNUmhRS0qaQ,2
5MmQExg-vxdJUTM9_UkPng,5
XVEqlP3LOCONykMLyx8GKg,5
9e8iBNr65L_ixYvKVB4Oeg,5
Vmh-nTHwCVN5itqrHPBvrQ,5
4cEMPRK6q0bJFRkhO5DaBA,3
jB1Jaw0BOonkoB7MRM48Lg,1
2-J6yJNXSzaZvPHpInHSXw,2
tkRwhOMw0ByI434O9etMeQ,1
n9oHRtA2xqC-lO7wb3MMfA,5
pN73XmnJwudwLm6gZG-Wwg,2
yOq2hzJtCdCMUroZEwIxGg,4
0f-TUWyDxhdKRrkMy-euNg,3
aO-cJG6ROOYjXJZWiYFZjA,5
i9N8Aqm3ymCme8UKTmNpZQ,3
BlLITbWTCo6dKt9CGzyJSA,5
Z5x0awLl4Pi_92nX-DU1Cw,5
FS4T6ShZC63tXN7wjrnPCA,4
-1MLwkg8vE_VkmoaS4y4sQ,4
dIN0UhWTmUFA3dqEACiSQg,3
kZmzeeIP42GHE9qRl-gSig,5
YWZrav6Do7MQP1Arfjto3A,4
vPuodeXhJKStDdvQtpafxw,4
8TiihETvF3HwONZ6gM4ipg,5
fgEJX0VoA47_VH4w8OcCAQ,1
J_JWl08wWhieHWAsyH5tZw,3
ncMYYUVSUVAfqtmW8D_GPg,4
3zdMSYPgkVV_0oDZd9SZYQ,4
vl2WsqCJWqj65lNJZMfueA,4
ODPAHPfhc0lNKegGTU_zGQ,5
361Fpvf1BHs6KAl1JmLxRQ,1
xFzAaw_5Su0a0YDZLcQy9w,1
KpLHcLU8CRF5sNT2c-1m7g,3
x61lzf1DRi9fJEOzIp-byQ,4
XW_tFyAydk_tsFEz8-Z-ig,5
HQwGhp8kxp3bDW-vkwWtSQ,5
FvyNTw4j6VHT8P0slvAOAg,2
NLYN3KCipNbYJb4vRuRgAQ,2
dbxzsJRC2UPYwUZ7qhF2jg,5
sSaOlymjctFXaHu3-e_OQQ,5
dhCAgxO0v_Eg2TMWkseU5g,5
maCeCr64fm2uRA5HFntg5Q,1
MEEDrtGar4hE6lagVk-_iA,1
S0y0_Ga-V76q9UEM_GBH5g,5
kJutWPR5w4DP89cb8LSdmw,5
2j3Wb7bFEJj0sANNNq6oIQ,5
Jhvg9J5a3P5pwddvImrQyw,4
_CTDiAvJ0wbKPfCzVaDoiw,2
uvAqDqZSB8FvOLDpActbZw,5
9v1ANlufeEoIXg_0Fry-Zg,3
awXk62umVUFNryHzljZ-Eg,5
LXaVsx5aHjHwKXfjczjMXg,1
2wm9UPmEelWVEi2eaThhuw,3
xziww1TerQOTsAKkS34dgA,2
pXOc5bwsdTqH1UJu4rkwSg,3
ilR_s1Q9LVGutCs_thsFfA,5
Yd0CiAnYQs3kmSXGZ889Fw,5
g4Sl6Bam9i3lbYrXW1FlVg,4
oAj3Bw-hnYaiPE5IK4vauw,1
Yq5YKGZM_geRdn8ETE5xDQ,3
81Ii1X6KTuH_TrnI8jVrxw,5
F5Yw4jUEZ-z95N99BYlAww,4
99q_1AwDutAd-rEn144L7A,4
B0C_5HtGgKnJcrP0ogjYwA,4
lNzmoqQvV3KMEOgXLpmKSA,5
2J0Vp0lFZDuj-PIorW0nrQ,5
EfHiieLhbawxCqcagn2efQ,4
AXdQ9d1tRoPKUcXaF8LcOQ,5
LxJbqjfhbNcvJRKIKmMTdw,4
kyAddh4c5VPuR6245Um-1A,5
NMiFKXYpZGLBxdQ2CPuhvA,5
IpTTI_DmQ6cvBwZryPL5bQ,2
WthDS2Cy6uHJsT8UNBryHw,5
iRF2WuCJKPScrUhhpXuMNQ,5
e357wYEnEXMReePkNSVbKw,5
JBlSyldbF5yvJm5_ZdqdSQ,1
WR0nKG3pV6Vdp-hC6z-oOg,4
Ke4c00XJmNZp2si8g2inaA,4
UBZLsg9NrCet7mSfFinY-A,3
Qr_wgGRx5cgWnWVKvBOnmQ,4
vdkRNHARLlTM4vg9oeKSkQ,4
nN75h60VWMNrcAATaIMNlg,4
ww7C3ura223ohf-UuuvsIw,5
Z2GQUoo97Ly62vAyw942VQ,5
0LDH_j5s02PHMobGY6oa4A,4
uYawzdNX3iMhx8eiZxN0KA,5
ImLwh0H_tlY3ItcnazUb9A,3
8XHHgFbwURavjx0NDyrLkA,3
UXaToHJ3KcbaW73rwwtDmQ,3
T3aUbKcPbpYqedJK3cAT2Q,5
hKzldhWQGuAbBi4_qMBwIw,3
-ME6kZw10bh3P3oqHPfAJQ,4
mKnQ23uqlLsi-HjbU7ZatA,5
3XYqp6BCqXIeXeLutAvrWw,1
yPoP96WoCfVRovpfSUo3Tg,5
iHlPbx6gy1lbtbgJpgMpug,5
8wcxGU9sbLk9TkbbDe4fug,5
nhx74vX_apXXctCNI1CpXg,3
Beea3Hfg5F409I3G1qG5FA,4
